ablation_layer_heads,mem,cp,diff,mem_std,cp_std,diff_std,mem_win,cp_win,domain
[],14.146539688110352,18.050594329833984,-3.9040567874908447,1.7867330312728882,3.0285589694976807,2.925255298614502,287.0,5773.0,Baseline
"[(10, 7), (11, 10)]",13.971518516540527,14.671958923339844,-0.7004398107528687,1.7793362140655518,2.9801876544952393,2.9524989128112793,2697.0,3177.0,Ablated
