ablation_layer_heads,mem,cp,diff,mem_std,cp_std,diff_std,mem_win,cp_win,domain
[],14.14926815032959,18.05368995666504,-3.9044196605682373,1.7866997718811035,3.0322303771972656,2.931735038757324,292.0,5761.0,Baseline
"[(10, 7), (11, 10)]",13.975481033325195,14.671640396118164,-0.6961583495140076,1.7788612842559814,2.98502779006958,2.9599006175994873,2702.0,3174.0,Ablated
