ablation_layer_heads,mem,cp,diff,mem_std,cp_std,diff_std,mem_win,cp_win,domain
[],14.078568458557129,17.665634155273438,-3.5870654582977295,1.725457787513733,2.87567138671875,2.772061347961426,388.0,5688.0,Baseline
"[(10, 7), (11, 10)]",13.927661895751953,14.305436134338379,-0.3777727782726288,1.7106720209121704,2.809270143508911,2.756588935852051,2843.0,2945.0,Ablated
