ablation_layer_heads,mem,cp,diff,mem_std,cp_std,diff_std,mem_win,cp_win,domain
[],13.796208381652832,18.836132049560547,-5.039922714233398,2.041016101837158,3.365875005722046,3.088963031768799,116.0,5986.0,Baseline
"[(10, 7), (11, 10)]",13.58534049987793,15.370162010192871,-1.7848224639892578,1.9833579063415527,3.2706727981567383,2.9889609813690186,1824.0,4093.0,Ablated
