ablation_layer_heads,mem,cp,diff,mem_std,cp_std,diff_std,mem_win,cp_win,domain
[],17.212968826293945,18.870729446411133,-1.6577614545822144,1.4531127214431763,1.1211384534835815,1.607445240020752,1736.0,11330.0,Baseline
"[(28, 15), (31, 14)]",16.98629379272461,18.298418045043945,-1.3121227025985718,1.2446578741073608,1.0892916917800903,1.6720225811004639,2482.0,10564.0,Ablated
