ablation_layer_heads,mem,cp,diff,mem_std,cp_std,diff_std,mem_win,cp_win,domain
[],14.016688346862793,17.869810104370117,-3.853123903274536,1.7449042797088623,2.6661300659179688,2.649240016937256,259.0,5818.0,Baseline
"[(10, 7), (11, 10)]",13.811948776245117,14.606363296508789,-0.7944162487983704,1.7001068592071533,2.597507953643799,2.5826611518859863,2487.0,3332.0,Ablated
